index,date,views
1,2020-01-01,0
2,2020-01-02,3
3,2020-01-03,4
4,2020-01-04,4
5,2020-01-05,4
6,2020-01-06,5
7,2020-01-07,5
8,2020-01-08,10
9,2020-01-09,12
10,2020-01-10,13
11,2020-01-11,21
12,2020-01-12,29
13,2020-01-13,39
14,2020-01-14,46
15,2020-01-15,54
16,2020-01-16,55
17,2020-01-17,56
18,2020-01-18,57
19,2020-01-19,65
20,2020-01-20,72
21,2020-01-21,77
22,2020-01-22,80
23,2020-01-23,87
24,2020-01-24,88
25,2020-01-25,91
26,2020-01-26,101
27,2020-01-27,103
28,2020-01-28,111
29,2020-01-29,113
30,2020-01-30,116
31,2020-01-31,124
32,2020-02-01,172
33,2020-02-02,200
34,2020-02-03,218
35,2020-02-04,225
36,2020-02-05,242
37,2020-02-06,249
38,2020-02-07,286
39,2020-02-08,315
40,2020-02-09,359
41,2020-02-10,409
42,2020-02-11,441
43,2020-02-12,479
44,2020-02-13,510
45,2020-02-14,537
46,2020-02-15,580
47,2020-02-16,616
48,2020-02-17,622
49,2020-02-18,664
50,2020-02-19,686
51,2020-02-20,726
52,2020-02-21,761
53,2020-02-22,780
54,2020-02-23,808
55,2020-02-24,852
56,2020-02-25,870
57,2020-02-26,875
58,2020-02-27,906
59,2020-02-28,943
60,2020-02-29,980
61,2020-03-01,994
62,2020-03-02,1020
63,2020-03-03,1030
64,2020-03-04,1042
65,2020-03-05,1081
66,2020-03-06,1122
67,2020-03-07,1140
68,2020-03-08,1157
69,2020-03-09,1207
70,2020-03-10,1237
71,2020-03-11,1269
72,2020-03-12,1306
73,2020-03-13,1338
74,2020-03-14,1346
75,2020-03-15,1392
76,2020-03-16,1430
77,2020-03-17,1461
78,2020-03-18,1497
79,2020-03-19,1547
80,2020-03-20,1572
81,2020-03-21,1598
82,2020-03-22,1615
83,2020-03-23,1658
84,2020-03-24,1689
85,2020-03-25,1737
86,2020-03-26,1763
87,2020-03-27,1811
88,2020-03-28,1818
89,2020-03-29,1860
90,2020-03-30,1869
91,2020-03-31,1953
92,2020-04-01,2230
93,2020-04-02,2425
94,2020-04-03,2565
95,2020-04-04,2737
96,2020-04-05,2825
97,2020-04-06,2991
98,2020-04-07,3180
99,2020-04-08,3441
100,2020-04-09,3683
101,2020-04-10,3766
102,2020-04-11,3992
103,2020-04-12,4056
104,2020-04-13,4121
105,2020-04-14,4226
106,2020-04-15,4387
107,2020-04-16,4473
108,2020-04-17,4595
109,2020-04-18,4840
110,2020-04-19,5070
111,2020-04-20,5249
112,2020-04-21,5459
113,2020-04-22,5739
114,2020-04-23,5920
115,2020-04-24,6021
116,2020-04-25,6296
117,2020-04-26,6427
118,2020-04-27,6541
119,2020-04-28,6804
120,2020-04-29,6998
121,2020-04-30,7125
122,2020-05-01,7533
123,2020-05-02,7516
124,2020-05-03,7500
125,2020-05-04,7945
126,2020-05-05,8107
127,2020-05-06,8566
128,2020-05-07,8701
129,2020-05-08,8833
130,2020-05-09,9160
131,2020-05-10,9510
132,2020-05-11,9982
133,2020-05-12,9948
134,2020-05-13,10273
135,2020-05-14,10468
136,2020-05-15,10712
137,2020-05-16,11039
138,2020-05-17,11274
139,2020-05-18,11460
140,2020-05-19,11440
141,2020-05-20,11891
142,2020-05-21,12203
143,2020-05-22,12587
144,2020-05-23,13018
145,2020-05-24,12990
146,2020-05-25,13188
147,2020-05-26,13603
148,2020-05-27,13999
149,2020-05-28,14255
150,2020-05-29,14491
151,2020-05-30,14762
152,2020-05-31,15103
153,2020-06-01,15079
154,2020-06-02,15366
155,2020-06-03,15582
156,2020-06-04,15537
157,2020-06-05,15721
158,2020-06-06,16078
159,2020-06-07,16484
160,2020-06-08,16611
161,2020-06-09,16820
162,2020-06-10,17205
163,2020-06-11,17185
164,2020-06-12,17523
165,2020-06-13,17968
166,2020-06-14,18241
167,2020-06-15,18222
168,2020-06-16,18357
169,2020-06-17,18746
170,2020-06-18,19077
171,2020-06-19,19262
172,2020-06-20,19237
173,2020-06-21,19534
174,2020-06-22,19884
175,2020-06-23,19869
176,2020-06-24,19993
177,2020-06-25,20240
178,2020-06-26,20624
179,2020-06-27,20603
180,2020-06-28,21053
181,2020-06-29,21142
182,2020-06-30,21071
183,2020-07-01,21119
184,2020-07-02,21068
185,2020-07-03,21157
186,2020-07-04,21189
187,2020-07-05,21316
188,2020-07-06,21315
189,2020-07-07,21275
190,2020-07-08,21353
191,2020-07-09,21258
192,2020-07-10,21381
193,2020-07-11,21293
194,2020-07-12,21248
195,2020-07-13,21250
196,2020-07-14,21398
197,2020-07-15,21401
198,2020-07-16,21438
199,2020-07-17,21584
200,2020-07-18,21557
201,2020-07-19,21697
202,2020-07-20,21698
203,2020-07-21,21790
204,2020-07-22,21744
205,2020-07-23,21824
206,2020-07-24,21896
207,2020-07-25,21934
208,2020-07-26,21907
209,2020-07-27,21819
210,2020-07-28,21816
211,2020-07-29,21905
212,2020-07-30,21907
213,2020-07-31,21832
214,2020-08-01,21771
215,2020-08-02,21766
216,2020-08-03,21743
217,2020-08-04,21683
218,2020-08-05,21615
219,2020-08-06,21572
220,2020-08-07,21546
221,2020-08-08,21686
222,2020-08-09,21714
223,2020-08-10,21837
224,2020-08-11,21937
225,2020-08-12,22018
226,2020-08-13,22150
227,2020-08-14,22068
228,2020-08-15,22068
229,2020-08-16,22193
230,2020-08-17,22136
231,2020-08-18,22131
232,2020-08-19,22269
233,2020-08-20,22177
234,2020-08-21,22119
235,2020-08-22,22030
236,2020-08-23,22151
237,2020-08-24,22188
238,2020-08-25,22096
239,2020-08-26,22014
240,2020-08-27,22016
241,2020-08-28,22071
242,2020-08-29,22073
243,2020-08-30,22001
244,2020-08-31,22142
245,2020-09-01,22167
246,2020-09-02,22072
247,2020-09-03,22067
248,2020-09-04,22025
249,2020-09-05,21932
250,2020-09-06,21905
251,2020-09-07,21838
252,2020-09-08,21965
253,2020-09-09,21962
254,2020-09-10,21982
255,2020-09-11,22103
256,2020-09-12,22180
257,2020-09-13,22212
258,2020-09-14,22215
259,2020-09-15,22362
260,2020-09-16,22408
261,2020-09-17,22491
262,2020-09-18,22560
263,2020-09-19,22619
264,2020-09-20,22571
265,2020-09-21,22666
266,2020-09-22,22794
267,2020-09-23,22748
268,2020-09-24,22804
269,2020-09-25,22803
270,2020-09-26,22841
271,2020-09-27,22758
272,2020-09-28,22801
273,2020-09-29,22804
274,2020-09-30,22807
275,2020-10-01,22945
276,2020-10-02,22973
277,2020-10-03,23015
278,2020-10-04,22954
279,2020-10-05,22951
280,2020-10-06,22892
281,2020-10-07,23030
282,2020-10-08,22956
283,2020-10-09,23004
284,2020-10-10,23065
285,2020-10-11,23100
286,2020-10-12,23209
287,2020-10-13,23123
288,2020-10-14,23149
289,2020-10-15,23223
290,2020-10-16,23345
291,2020-10-17,23442
292,2020-10-18,23470
293,2020-10-19,23386
294,2020-10-20,23453
295,2020-10-21,23527
296,2020-10-22,23628
297,2020-10-23,23588
298,2020-10-24,23535
299,2020-10-25,23457
300,2020-10-26,23457
301,2020-10-27,23366
302,2020-10-28,23245
303,2020-10-29,23129
304,2020-10-30,23169
305,2020-10-31,23025
306,2020-11-01,22899
307,2020-11-02,22755
308,2020-11-03,22749
309,2020-11-04,22800
310,2020-11-05,22840
311,2020-11-06,22837
312,2020-11-07,22726
313,2020-11-08,22652
314,2020-11-09,22701
315,2020-11-10,22754
316,2020-11-11,22667
317,2020-11-12,22711
318,2020-11-13,22627
319,2020-11-14,22632
320,2020-11-15,22546
321,2020-11-16,22428
322,2020-11-17,22322
323,2020-11-18,22336
324,2020-11-19,22355
325,2020-11-20,22364
326,2020-11-21,22287
327,2020-11-22,22331
328,2020-11-23,22346
329,2020-11-24,22201
330,2020-11-25,22278
331,2020-11-26,22349
332,2020-11-27,22387
333,2020-11-28,22293
334,2020-11-29,22371
335,2020-11-30,22328
336,2020-12-01,22372
337,2020-12-02,22405
338,2020-12-03,22465
339,2020-12-04,22475
340,2020-12-05,22535
341,2020-12-06,22573
342,2020-12-07,22434
343,2020-12-08,22347
344,2020-12-09,22397
345,2020-12-10,22388
346,2020-12-11,22422
347,2020-12-12,22380
348,2020-12-13,22259
349,2020-12-14,22126
350,2020-12-15,22047
351,2020-12-16,21947
352,2020-12-17,21957
353,2020-12-18,21953
354,2020-12-19,21918
355,2020-12-20,21995
356,2020-12-21,21940
357,2020-12-22,22001
358,2020-12-23,21857
359,2020-12-24,21790
360,2020-12-25,21795
361,2020-12-26,21795
362,2020-12-27,21837
363,2020-12-28,21742
364,2020-12-29,21779
365,2020-12-30,21791
366,2020-12-31,21856
367,2021-01-01,21766
368,2021-01-02,21653
369,2021-01-03,21622
370,2021-01-04,21556
371,2021-01-05,21520
372,2021-01-06,21418
373,2021-01-07,21422
374,2021-01-08,21277
375,2021-01-09,21189
376,2021-01-10,21115
377,2021-01-11,20999
378,2021-01-12,20945
379,2021-01-13,20981
380,2021-01-14,21038
381,2021-01-15,20898
382,2021-01-16,20833
383,2021-01-17,20765
384,2021-01-18,20626
385,2021-01-19,20652
386,2021-01-20,20604
387,2021-01-21,20682
388,2021-01-22,20610
389,2021-01-23,20530
390,2021-01-24,20561
391,2021-01-25,20421
392,2021-01-26,20325
393,2021-01-27,20284
394,2021-01-28,20297
395,2021-01-29,20221
396,2021-01-30,20159
397,2021-01-31,20196
398,2021-02-01,20082
399,2021-02-02,20027
400,2021-02-03,20084
401,2021-02-04,20083
402,2021-02-05,19956
403,2021-02-06,19926
404,2021-02-07,20000
405,2021-02-08,19897
406,2021-02-09,19763
407,2021-02-10,19792
408,2021-02-11,19681
409,2021-02-12,19737
410,2021-02-13,19771
411,2021-02-14,19657
412,2021-02-15,19724
413,2021-02-16,19588
414,2021-02-17,19580
415,2021-02-18,19584
416,2021-02-19,19605
417,2021-02-20,19666
418,2021-02-21,19661
419,2021-02-22,19537
420,2021-02-23,19592
421,2021-02-24,19588
422,2021-02-25,19452
423,2021-02-26,19384
424,2021-02-27,19464
425,2021-02-28,19487
426,2021-03-01,19374
427,2021-03-02,19293
428,2021-03-03,19341
429,2021-03-04,19270
430,2021-03-05,19205
431,2021-03-06,19073
432,2021-03-07,19020
433,2021-03-08,19045
434,2021-03-09,19001
435,2021-03-10,19067
436,2021-03-11,19070
437,2021-03-12,18992
438,2021-03-13,18999
439,2021-03-14,18950
440,2021-03-15,18917
441,2021-03-16,18940
442,2021-03-17,18840
443,2021-03-18,18917
444,2021-03-19,18850
445,2021-03-20,18765
446,2021-03-21,18653
447,2021-03-22,18731
448,2021-03-23,18679
449,2021-03-24,18538
450,2021-03-25,18392
451,2021-03-26,18438
452,2021-03-27,18468
453,2021-03-28,18473
454,2021-03-29,18385
455,2021-03-30,18399
456,2021-03-31,18299
457,2021-04-01,18315
458,2021-04-02,18389
459,2021-04-03,18391
460,2021-04-04,18285
461,2021-04-05,18333
462,2021-04-06,18274
463,2021-04-07,18271
464,2021-04-08,18193
465,2021-04-09,18151
466,2021-04-10,18085
467,2021-04-11,18018
468,2021-04-12,18020
469,2021-04-13,17953
470,2021-04-14,17989
471,2021-04-15,17928
472,2021-04-16,17851
473,2021-04-17,17894
474,2021-04-18,17844
475,2021-04-19,17914
476,2021-04-20,17786
477,2021-04-21,17690
478,2021-04-22,17739
479,2021-04-23,17814
480,2021-04-24,17729
481,2021-04-25,17690
482,2021-04-26,17760
483,2021-04-27,17818
484,2021-04-28,17739
485,2021-04-29,17682
486,2021-04-30,17624
487,2021-05-01,17532
488,2021-05-02,17607
489,2021-05-03,17652
490,2021-05-04,17645
491,2021-05-05,17668
492,2021-05-06,17562
493,2021-05-07,17597
494,2021-05-08,17544
495,2021-05-09,17584
496,2021-05-10,17437
497,2021-05-11,17428
498,2021-05-12,17427
499,2021-05-13,17449
500,2021-05-14,17307
501,2021-05-15,17337
502,2021-05-16,17303
503,2021-05-17,17260
504,2021-05-18,17202
505,2021-05-19,17160
506,2021-05-20,17081
507,2021-05-21,17077
508,2021-05-22,17075
509,2021-05-23,17077
510,2021-05-24,17106
511,2021-05-25,17008
512,2021-05-26,17021
513,2021-05-27,16946
514,2021-05-28,16951
515,2021-05-29,16928
516,2021-05-30,16842
517,2021-05-31,16848
518,2021-06-01,16750
519,2021-06-02,16786
520,2021-06-03,16785
521,2021-06-04,16787
522,2021-06-05,16718
523,2021-06-06,16865
524,2021-06-07,16839
525,2021-06-08,16768
526,2021-06-09,16681
527,2021-06-10,16655
528,2021-06-11,16652
529,2021-06-12,16818
530,2021-06-13,16735
531,2021-06-14,16770
532,2021-06-15,16670
533,2021-06-16,16575
534,2021-06-17,16580
535,2021-06-18,16523
536,2021-06-19,16542
537,2021-06-20,16547
538,2021-06-21,16582
539,2021-06-22,16506
540,2021-06-23,16416
541,2021-06-24,16427
542,2021-06-25,16364
543,2021-06-26,16330
544,2021-06-27,16346
545,2021-06-28,16293
546,2021-06-29,16263
547,2021-06-30,16266
548,2021-07-01,16269
549,2021-07-02,16248
550,2021-07-03,16246
551,2021-07-04,16219
552,2021-07-05,16220
553,2021-07-06,16218
554,2021-07-07,16142
555,2021-07-08,16107
556,2021-07-09,16111
557,2021-07-10,16062
558,2021-07-11,16061
559,2021-07-12,15967
560,2021-07-13,16002
561,2021-07-14,15970
562,2021-07-15,15935
563,2021-07-16,15871
564,2021-07-17,15826
565,2021-07-18,16030
566,2021-07-19,15983
567,2021-07-20,15911
568,2021-07-21,15908
569,2021-07-22,16023
570,2021-07-23,16003
571,2021-07-24,15905
572,2021-07-25,15828
573,2021-07-26,15784
574,2021-07-27,15759
575,2021-07-28,15763
576,2021-07-29,15765
577,2021-07-30,15764
578,2021-07-31,15761
579,2021-08-01,15765
580,2021-08-02,15774
581,2021-08-03,15785
582,2021-08-04,15790
583,2021-08-05,15710
584,2021-08-06,15645
585,2021-08-07,15678
586,2021-08-08,15707
587,2021-08-09,15687
588,2021-08-10,15686
589,2021-08-11,15627
590,2021-08-12,15659
591,2021-08-13,15664
592,2021-08-14,15592
593,2021-08-15,15613
594,2021-08-16,15613
595,2021-08-17,15536
596,2021-08-18,15492
597,2021-08-19,15452
598,2021-08-20,15357
599,2021-08-21,15298
600,2021-08-22,15252
601,2021-08-23,15247
602,2021-08-24,15248
603,2021-08-25,15244
604,2021-08-26,15377
605,2021-08-27,15332
606,2021-08-28,15336
607,2021-08-29,15253
608,2021-08-30,15283
609,2021-08-31,15226
610,2021-09-01,15230
611,2021-09-02,15158
612,2021-09-03,15120
613,2021-09-04,15083
614,2021-09-05,15007
615,2021-09-06,15002
616,2021-09-07,14950
617,2021-09-08,14850
618,2021-09-09,14886
619,2021-09-10,14802
620,2021-09-11,14800
621,2021-09-12,14802
622,2021-09-13,14840
623,2021-09-14,14759
624,2021-09-15,14780
625,2021-09-16,14783
626,2021-09-17,14731
627,2021-09-18,14735
628,2021-09-19,14703
629,2021-09-20,14701
630,2021-09-21,14643
631,2021-09-22,14598
632,2021-09-23,14507
633,2021-09-24,14547
634,2021-09-25,14497
635,2021-09-26,14518
636,2021-09-27,14523
637,2021-09-28,14437
638,2021-09-29,14385
639,2021-09-30,14295
640,2021-10-01,14295
641,2021-10-02,14295
642,2021-10-03,14250
643,2021-10-04,14160
644,2021-10-05,14155
645,2021-10-06,14115
646,2021-10-07,14037
647,2021-10-08,14004
648,2021-10-09,14027
649,2021-10-10,14039
650,2021-10-11,14017
651,2021-10-12,14142
652,2021-10-13,14066
653,2021-10-14,14065
654,2021-10-15,14084
655,2021-10-16,14018
656,2021-10-17,13951
657,2021-10-18,13928
658,2021-10-19,13932
659,2021-10-20,13957
660,2021-10-21,13953
661,2021-10-22,13979
662,2021-10-23,13982
663,2021-10-24,13955
664,2021-10-25,14130
665,2021-10-26,14157
666,2021-10-27,14168
667,2021-10-28,14172
668,2021-10-29,14141
669,2021-10-30,14143
670,2021-10-31,14140
671,2021-11-01,14068
672,2021-11-02,13999
673,2021-11-03,14182
674,2021-11-04,14149
675,2021-11-05,14187
676,2021-11-06,14200
677,2021-11-07,14198
678,2021-11-08,14224
679,2021-11-09,14144
680,2021-11-10,14110
681,2021-11-11,14040
682,2021-11-12,14150
683,2021-11-13,14104
684,2021-11-14,14032
685,2021-11-15,14052
686,2021-11-16,14053
687,2021-11-17,14080
688,2021-11-18,13985
689,2021-11-19,13994
690,2021-11-20,13915
691,2021-11-21,13892
692,2021-11-22,13812
693,2021-11-23,13814
694,2021-11-24,13742
695,2021-11-25,13766
696,2021-11-26,13733
697,2021-11-27,13733
698,2021-11-28,13731
699,2021-11-29,13701
700,2021-11-30,13634
701,2021-12-01,13630
702,2021-12-02,13630
703,2021-12-03,13656
704,2021-12-04,13839
705,2021-12-05,13755
706,2021-12-06,13716
707,2021-12-07,13720
708,2021-12-08,13645
709,2021-12-09,13672
710,2021-12-10,13858
711,2021-12-11,13875
712,2021-12-12,13894
713,2021-12-13,13830
714,2021-12-14,13845
715,2021-12-15,13848
716,2021-12-16,13781
717,2021-12-17,13744
718,2021-12-18,13994
719,2021-12-19,14199
720,2021-12-20,14200
721,2021-12-21,14140
722,2021-12-22,14040
723,2021-12-23,14052
724,2021-12-24,14015
725,2021-12-25,13953
726,2021-12-26,13910
727,2021-12-27,13909
728,2021-12-28,13918
729,2021-12-29,14022
730,2021-12-30,13978
731,2021-12-31,14126
732,2022-01-01,14125
733,2022-01-02,14367
734,2022-01-03,14406
735,2022-01-04,14308
736,2022-01-05,14215
737,2022-01-06,14406
738,2022-01-07,14370
739,2022-01-08,14336
740,2022-01-09,14274
741,2022-01-10,14273
742,2022-01-11,14227
743,2022-01-12,14469
744,2022-01-13,14395
745,2022-01-14,14331
746,2022-01-15,14263
747,2022-01-16,14220
748,2022-01-17,14173
749,2022-01-18,14123
750,2022-01-19,14139
751,2022-01-20,14165
752,2022-01-21,14119
753,2022-01-22,14119
754,2022-01-23,14138
755,2022-01-24,14423
756,2022-01-25,14345
757,2022-01-26,14246
758,2022-01-27,14200
759,2022-01-28,14118
760,2022-01-29,14086
761,2022-01-30,14029
762,2022-01-31,14036
763,2022-02-01,14037
764,2022-02-02,14265
765,2022-02-03,14260
766,2022-02-04,14257
767,2022-02-05,14509
768,2022-02-06,14535
769,2022-02-07,14728
770,2022-02-08,14645
771,2022-02-09,14656
772,2022-02-10,14607
773,2022-02-11,14608
774,2022-02-12,14560
775,2022-02-13,14591
776,2022-02-14,14492
777,2022-02-15,14403
778,2022-02-16,14406
779,2022-02-17,14323
780,2022-02-18,14241
781,2022-02-19,14168
782,2022-02-20,14198
783,2022-02-21,14198
784,2022-02-22,14231
785,2022-02-23,14249
786,2022-02-24,14251
787,2022-02-25,14203
788,2022-02-26,14218
789,2022-02-27,14238
790,2022-02-28,14159
791,2022-03-01,14413
792,2022-03-02,14380
793,2022-03-03,14403
794,2022-03-04,14421
795,2022-03-05,14420
796,2022-03-06,14590
797,2022-03-07,14612
798,2022-03-08,14615
799,2022-03-09,14628
800,2022-03-10,14631
801,2022-03-11,14634
802,2022-03-12,14732
803,2022-03-13,14825
804,2022-03-14,14789
805,2022-03-15,14898
806,2022-03-16,14856
807,2022-03-17,14962
808,2022-03-18,14935
809,2022-03-19,15128
810,2022-03-20,15123
811,2022-03-21,15123
812,2022-03-22,15100
813,2022-03-23,15165
814,2022-03-24,15319
815,2022-03-25,15476
816,2022-03-26,15606
817,2022-03-27,15793
818,2022-03-28,15892
819,2022-03-29,16084
820,2022-03-30,16081
821,2022-03-31,16053
822,2022-04-01,16197
823,2022-04-02,16174
824,2022-04-03,16321
825,2022-04-04,16325
826,2022-04-05,16326
827,2022-04-06,16494
828,2022-04-07,16667
829,2022-04-08,16638
830,2022-04-09,16807
831,2022-04-10,16967
832,2022-04-11,16963
833,2022-04-12,16962
834,2022-04-13,16919
835,2022-04-14,16969
836,2022-04-15,17054
837,2022-04-16,17018
838,2022-04-17,17134
839,2022-04-18,17275
840,2022-04-19,17275
841,2022-04-20,17432
842,2022-04-21,17603
843,2022-04-22,17768
844,2022-04-23,17751
845,2022-04-24,17834
846,2022-04-25,17836
847,2022-04-26,17824
848,2022-04-27,17814
849,2022-04-28,17917
850,2022-04-29,17871
851,2022-04-30,17845
852,2022-05-01,17986
853,2022-05-02,18077
854,2022-05-03,18273
855,2022-05-04,18421
856,2022-05-05,18473
857,2022-05-06,18472
858,2022-05-07,18525
859,2022-05-08,18499
860,2022-05-09,18697
861,2022-05-10,18655
862,2022-05-11,18609
863,2022-05-12,18612
864,2022-05-13,18718
865,2022-05-14,18716
866,2022-05-15,18818
867,2022-05-16,18885
868,2022-05-17,18858
869,2022-05-18,18862
870,2022-05-19,19016
871,2022-05-20,19012
872,2022-05-21,18982
873,2022-05-22,18981
874,2022-05-23,19168
875,2022-05-24,19119
876,2022-05-25,19087
877,2022-05-26,19060
878,2022-05-27,19115
879,2022-05-28,19270
880,2022-05-29,19451
881,2022-05-30,19405
882,2022-05-31,19357
883,2022-06-01,19490
884,2022-06-02,19545
885,2022-06-03,19662
886,2022-06-04,19637
887,2022-06-05,19772
888,2022-06-06,19826
889,2022-06-07,19978
890,2022-06-08,20079
891,2022-06-09,20192
892,2022-06-10,20300
893,2022-06-11,20300
894,2022-06-12,20297
895,2022-06-13,20292
896,2022-06-14,20366
897,2022-06-15,20431
898,2022-06-16,20594
899,2022-06-17,20560
900,2022-06-18,20613
901,2022-06-19,20797
902,2022-06-20,20793
903,2022-06-21,20748
904,2022-06-22,20884
905,2022-06-23,21070
906,2022-06-24,21269
907,2022-06-25,21332
908,2022-06-26,21393
909,2022-06-27,21565
910,2022-06-28,21533
911,2022-06-29,21609
912,2022-06-30,21790
913,2022-07-01,21747
914,2022-07-02,21944
915,2022-07-03,22015
916,2022-07-04,22015
917,2022-07-05,22016
918,2022-07-06,22012
919,2022-07-07,22014
920,2022-07-08,21976
921,2022-07-09,21979
922,2022-07-10,21946
923,2022-07-11,21936
924,2022-07-12,21918
925,2022-07-13,21915
926,2022-07-14,22048
927,2022-07-15,22034
928,2022-07-16,22197
929,2022-07-17,22186
930,2022-07-18,22181
931,2022-07-19,22185
932,2022-07-20,22181
933,2022-07-21,22185
934,2022-07-22,22258
935,2022-07-23,22420
936,2022-07-24,22496
937,2022-07-25,22614
938,2022-07-26,22594
939,2022-07-27,22788
940,2022-07-28,22988
941,2022-07-29,23186
942,2022-07-30,23308
943,2022-07-31,23461
944,2022-08-01,23562
945,2022-08-02,23560
946,2022-08-03,23722
947,2022-08-04,23677
948,2022-08-05,23787
949,2022-08-06,23933
950,2022-08-07,23912
951,2022-08-08,23872
952,2022-08-09,23990
953,2022-08-10,24123
954,2022-08-11,24240
955,2022-08-12,24341
956,2022-08-13,24398
957,2022-08-14,24494
958,2022-08-15,24499
959,2022-08-16,24462
960,2022-08-17,24435
961,2022-08-18,24601
962,2022-08-19,24698
963,2022-08-20,24877
964,2022-08-21,25014
965,2022-08-22,25013
966,2022-08-23,24966
967,2022-08-24,25045
968,2022-08-25,25212
969,2022-08-26,25209
970,2022-08-27,25165
971,2022-08-28,25297
972,2022-08-29,25293
973,2022-08-30,25247
974,2022-08-31,25442
975,2022-09-01,25527
976,2022-09-02,25532
977,2022-09-03,25531
978,2022-09-04,25721
979,2022-09-05,25875
980,2022-09-06,26050
981,2022-09-07,26240
982,2022-09-08,26342
983,2022-09-09,26475
984,2022-09-10,26667
985,2022-09-11,26767
986,2022-09-12,26939
987,2022-09-13,27034
988,2022-09-14,27144
989,2022-09-15,27303
990,2022-09-16,27363
991,2022-09-17,27363
992,2022-09-18,27364
993,2022-09-19,27368
994,2022-09-20,27320
995,2022-09-21,27293
996,2022-09-22,27476
997,2022-09-23,27609
998,2022-09-24,27597
999,2022-09-25,27580
1000,2022-09-26,27716
1001,2022-09-27,27709
1002,2022-09-28,27777
1003,2022-09-29,27786
1004,2022-09-30,27882
1005,2022-10-01,27859
1006,2022-10-02,27882
1007,2022-10-03,27822
1008,2022-10-04,27821
1009,2022-10-05,27812
1010,2022-10-06,27782
1011,2022-10-07,27804
1012,2022-10-08,27726
1013,2022-10-09,27789
1014,2022-10-10,27834
1015,2022-10-11,27788
1016,2022-10-12,27824
1017,2022-10-13,27759
1018,2022-10-14,27821
1019,2022-10-15,27742
1020,2022-10-16,27732
1021,2022-10-17,27678
1022,2022-10-18,27611
1023,2022-10-19,27698
1024,2022-10-20,27634
1025,2022-10-21,27688
1026,2022-10-22,27652
1027,2022-10-23,27633
1028,2022-10-24,27624
1029,2022-10-25,27571
1030,2022-10-26,27622
1031,2022-10-27,28108
1032,2022-10-28,28162
1033,2022-10-29,28135
1034,2022-10-30,28197
1035,2022-10-31,28292
1036,2022-11-01,28298
1037,2022-11-02,28256
1038,2022-11-03,28234
1039,2022-11-04,28156
1040,2022-11-05,28130
1041,2022-11-06,28183
1042,2022-11-07,28280
1043,2022-11-08,28217
1044,2022-11-09,28291
1045,2022-11-10,28313
1046,2022-11-11,28317
1047,2022-11-12,28308
1048,2022-11-13,28349
1049,2022-11-14,28358
1050,2022-11-15,28305
1051,2022-11-16,28375
1052,2022-11-17,28413
1053,2022-11-18,28362
1054,2022-11-19,28307
1055,2022-11-20,28307
1056,2022-11-21,28306
1057,2022-11-22,28245
1058,2022-11-23,28184
1059,2022-11-24,28389
1060,2022-11-25,28432
1061,2022-11-26,28417
1062,2022-11-27,28502
1063,2022-11-28,28510
1064,2022-11-29,28562
1065,2022-11-30,28491
1066,2022-12-01,28517
1067,2022-12-02,28604
1068,2022-12-03,28561
1069,2022-12-04,28640
1070,2022-12-05,28703
1071,2022-12-06,28684
1072,2022-12-07,28761
1073,2022-12-08,28801
1074,2022-12-09,29104
1075,2022-12-10,29073
1076,2022-12-11,29131
1077,2022-12-12,29123
1078,2022-12-13,29153
1079,2022-12-14,29235
1080,2022-12-15,29227
1081,2022-12-16,29209
1082,2022-12-17,29257
1083,2022-12-18,29240
1084,2022-12-19,29170
1085,2022-12-20,29252
1086,2022-12-21,29293
1087,2022-12-22,29287
1088,2022-12-23,29385
1089,2022-12-24,29452
1090,2022-12-25,29432
1091,2022-12-26,29526
1092,2022-12-27,29521
1093,2022-12-28,29596
1094,2022-12-29,30009
1095,2022-12-30,30018
1096,2022-12-31,29990
1097,2023-01-01,29919
1098,2023-01-02,29909
1099,2023-01-03,29881
1100,2023-01-04,29871
1101,2023-01-05,29847
1102,2023-01-06,29936
1103,2023-01-07,29899
1104,2023-01-08,29899
1105,2023-01-09,29846
1106,2023-01-10,29912
1107,2023-01-11,29876
1108,2023-01-12,29834
1109,2023-01-13,29886
1110,2023-01-14,29881
1111,2023-01-15,29811
1112,2023-01-16,29842
1113,2023-01-17,29800
1114,2023-01-18,29744
1115,2023-01-19,29676
1116,2023-01-20,29757
1117,2023-01-21,29749
1118,2023-01-22,29819
1119,2023-01-23,29765
1120,2023-01-24,29827
1121,2023-01-25,29916
1122,2023-01-26,29885
1123,2023-01-27,29835
1124,2023-01-28,29905
1125,2023-01-29,29970
1126,2023-01-30,29991
1127,2023-01-31,30022
1128,2023-02-01,29991
1129,2023-02-02,30016
1130,2023-02-03,30190
1131,2023-02-04,30230
1132,2023-02-05,30234
1133,2023-02-06,30227
1134,2023-02-07,30168
1135,2023-02-08,30227
1136,2023-02-09,30199
1137,2023-02-10,30144
1138,2023-02-11,30105
1139,2023-02-12,30064
1140,2023-02-13,30028
1141,2023-02-14,30037
1142,2023-02-15,30111
1143,2023-02-16,30111
1144,2023-02-17,30205
1145,2023-02-18,30173
1146,2023-02-19,30207
1147,2023-02-20,30209
1148,2023-02-21,30193
1149,2023-02-22,30202
1150,2023-02-23,30285
1151,2023-02-24,30471
1152,2023-02-25,30422
1153,2023-02-26,30510
1154,2023-02-27,30551
1155,2023-02-28,30521
1156,2023-03-01,30487
1157,2023-03-02,30449
1158,2023-03-03,30448
1159,2023-03-04,30448
1160,2023-03-05,30502
1161,2023-03-06,30448
1162,2023-03-07,30623
1163,2023-03-08,30559
1164,2023-03-09,30646
1165,2023-03-10,30746
1166,2023-03-11,30806
1167,2023-03-12,30883
1168,2023-03-13,30879
1169,2023-03-14,30837
1170,2023-03-15,31016
1171,2023-03-16,31463
1172,2023-03-17,31397
1173,2023-03-18,31396
1174,2023-03-19,31342
1175,2023-03-20,31314
1176,2023-03-21,31394
1177,2023-03-22,31403
1178,2023-03-23,31407
1179,2023-03-24,31374
1180,2023-03-25,31457
1181,2023-03-26,31424
1182,2023-03-27,31420
1183,2023-03-28,31400
1184,2023-03-29,31395
1185,2023-03-30,31483
1186,2023-03-31,31418
1187,2023-04-01,31356
1188,2023-04-02,31380
1189,2023-04-03,31813
1190,2023-04-04,31737
1191,2023-04-05,31789
1192,2023-04-06,31786
1193,2023-04-07,31754
1194,2023-04-08,32150
1195,2023-04-09,32206
1196,2023-04-10,32387
1197,2023-04-11,32314
1198,2023-04-12,32256
1199,2023-04-13,32634
1200,2023-04-14,33007
1201,2023-04-15,33434
1202,2023-04-16,33442
1203,2023-04-17,33519
1204,2023-04-18,33846
1205,2023-04-19,33817
1206,2023-04-20,33874
1207,2023-04-21,33952
1208,2023-04-22,34035
1209,2023-04-23,33974
1210,2023-04-24,34043
1211,2023-04-25,33989
1212,2023-04-26,34478
1213,2023-04-27,34517
1214,2023-04-28,34511
1215,2023-04-29,34546
1216,2023-04-30,34482
1217,2023-05-01,34567
1218,2023-05-02,34524
1219,2023-05-03,34523
1220,2023-05-04,34594
1221,2023-05-05,34547
1222,2023-05-06,34590
1223,2023-05-07,34657
1224,2023-05-08,34582
1225,2023-05-09,34510
1226,2023-05-10,34592
1227,2023-05-11,34539
1228,2023-05-12,34921
1229,2023-05-13,34848
1230,2023-05-14,34856
1231,2023-05-15,34954
1232,2023-05-16,34956
1233,2023-05-17,34907
1234,2023-05-18,34855
1235,2023-05-19,34951
1236,2023-05-20,34936
1237,2023-05-21,34927
1238,2023-05-22,34965
1239,2023-05-23,34974
1240,2023-05-24,35369
1241,2023-05-25,35391
1242,2023-05-26,35397
1243,2023-05-27,35428
1244,2023-05-28,35506
1245,2023-05-29,35496
1246,2023-05-30,35540
1247,2023-05-31,35462
1248,2023-06-01,35536
1249,2023-06-02,35632
1250,2023-06-03,35606
1251,2023-06-04,35671
1252,2023-06-05,35709
1253,2023-06-06,35806
1254,2023-06-07,35726
1255,2023-06-08,35664
1256,2023-06-09,35690
1257,2023-06-10,35650
1258,2023-06-11,35598
1259,2023-06-12,35532
1260,2023-06-13,35463
1261,2023-06-14,35813
1262,2023-06-15,35761
1263,2023-06-16,36142
1264,2023-06-17,36242
1265,2023-06-18,36330
1266,2023-06-19,36306
1267,2023-06-20,36283
1268,2023-06-21,36241
1269,2023-06-22,36218
1270,2023-06-23,36224
1271,2023-06-24,36232
1272,2023-06-25,36205
1273,2023-06-26,36152
1274,2023-06-27,36111
1275,2023-06-28,36190
1276,2023-06-29,36114
1277,2023-06-30,36207
1278,2023-07-01,36304
1279,2023-07-02,36332
1280,2023-07-03,36736
1281,2023-07-04,36730
1282,2023-07-05,36739
1283,2023-07-06,36667
1284,2023-07-07,36617
1285,2023-07-08,36602
1286,2023-07-09,36871
1287,2023-07-10,36955
1288,2023-07-11,36903
1289,2023-07-12,36841
1290,2023-07-13,37299
1291,2023-07-14,37394
1292,2023-07-15,37746
1293,2023-07-16,37827
1294,2023-07-17,37748
1295,2023-07-18,37822
1296,2023-07-19,37854
1297,2023-07-20,37912
1298,2023-07-21,37835
1299,2023-07-22,37927
1300,2023-07-23,38374
1301,2023-07-24,38431
1302,2023-07-25,38425
1303,2023-07-26,38516
1304,2023-07-27,38450
1305,2023-07-28,38412
1306,2023-07-29,38334
1307,2023-07-30,38261
1308,2023-07-31,38265
1309,2023-08-01,38325
1310,2023-08-02,38252
1311,2023-08-03,38260
1312,2023-08-04,38280
1313,2023-08-05,38217
1314,2023-08-06,38160
1315,2023-08-07,38479
1316,2023-08-08,38504
1317,2023-08-09,38500
1318,2023-08-10,38569
1319,2023-08-11,38613
1320,2023-08-12,38567
1321,2023-08-13,38567
1322,2023-08-14,38568
1323,2023-08-15,39023
1324,2023-08-16,38949
1325,2023-08-17,39007
1326,2023-08-18,38989
1327,2023-08-19,38963
1328,2023-08-20,38998
1329,2023-08-21,39068
1330,2023-08-22,39102
1331,2023-08-23,39162
1332,2023-08-24,39087
1333,2023-08-25,39047
1334,2023-08-26,38993
1335,2023-08-27,38983
1336,2023-08-28,38992
1337,2023-08-29,38940
1338,2023-08-30,38932
1339,2023-08-31,38977
1340,2023-09-01,38950
1341,2023-09-02,38946
1342,2023-09-03,38895
1343,2023-09-04,38977
1344,2023-09-05,38958
1345,2023-09-06,39040
1346,2023-09-07,39295
1347,2023-09-08,39262
1348,2023-09-09,39344
1349,2023-09-10,39435
1350,2023-09-11,39445
1351,2023-09-12,39442
1352,2023-09-13,39435
1353,2023-09-14,39461
1354,2023-09-15,39401
1355,2023-09-16,39429
1356,2023-09-17,39438
1357,2023-09-18,39437
1358,2023-09-19,39505
1359,2023-09-20,39499
1360,2023-09-21,39500
1361,2023-09-22,39596
1362,2023-09-23,39571
1363,2023-09-24,39553
1364,2023-09-25,39556
1365,2023-09-26,39563
1366,2023-09-27,39614
1367,2023-09-28,39565
1368,2023-09-29,39490
1369,2023-09-30,39489
1370,2023-10-01,39489
1371,2023-10-02,39844
1372,2023-10-03,39879
1373,2023-10-04,39945
1374,2023-10-05,39924
1375,2023-10-06,40342
1376,2023-10-07,40292
1377,2023-10-08,40315
1378,2023-10-09,40320
1379,2023-10-10,40698
1380,2023-10-11,40734
1381,2023-10-12,40785
1382,2023-10-13,40880
1383,2023-10-14,41351
1384,2023-10-15,41380
1385,2023-10-16,41450
1386,2023-10-17,41434
1387,2023-10-18,41454
1388,2023-10-19,41446
1389,2023-10-20,41389
1390,2023-10-21,41434
1391,2023-10-22,41743
1392,2023-10-23,41666
1393,2023-10-24,41661
1394,2023-10-25,41635
1395,2023-10-26,41641
1396,2023-10-27,41740
1397,2023-10-28,41662
1398,2023-10-29,41824
1399,2023-10-30,41776
1400,2023-10-31,41822
1401,2023-11-01,41745
1402,2023-11-02,41688
1403,2023-11-03,41671
1404,2023-11-04,41746
1405,2023-11-05,41743
1406,2023-11-06,41832
1407,2023-11-07,41834
1408,2023-11-08,41813
1409,2023-11-09,41815
1410,2023-11-10,41749
1411,2023-11-11,41688
1412,2023-11-12,41693
1413,2023-11-13,41746
1414,2023-11-14,41694
1415,2023-11-15,41653
1416,2023-11-16,41650
1417,2023-11-17,41644
1418,2023-11-18,41627
1419,2023-11-19,41556
1420,2023-11-20,41980
1421,2023-11-21,41977
1422,2023-11-22,42446
1423,2023-11-23,42468
1424,2023-11-24,42524
1425,2023-11-25,42611
1426,2023-11-26,42564
1427,2023-11-27,42511
1428,2023-11-28,42542
1429,2023-11-29,42465
1430,2023-11-30,42824
1431,2023-12-01,42848
1432,2023-12-02,42877
1433,2023-12-03,43221
1434,2023-12-04,43180
1435,2023-12-05,43171
1436,2023-12-06,43198
1437,2023-12-07,43515
1438,2023-12-08,43541
1439,2023-12-09,43483
1440,2023-12-10,43479
1441,2023-12-11,43517
1442,2023-12-12,43479
1443,2023-12-13,43961
1444,2023-12-14,43901
1445,2023-12-15,44000
1446,2023-12-16,43999
1447,2023-12-17,44372
1448,2023-12-18,44353
1449,2023-12-19,44362
1450,2023-12-20,44323
1451,2023-12-21,44345
1452,2023-12-22,44420
1453,2023-12-23,44453
1454,2023-12-24,44671
1455,2023-12-25,44769
1456,2023-12-26,44800
1457,2023-12-27,44764
1458,2023-12-28,44864
1459,2023-12-29,44903
1460,2023-12-30,44968
1461,2023-12-31,44996
1462,2024-01-01,45311
1463,2024-01-02,45542
1464,2024-01-03,45496
1465,2024-01-04,45492
1466,2024-01-05,45427
1467,2024-01-06,45401
1468,2024-01-07,45360
1469,2024-01-08,45291
1470,2024-01-09,45322
1471,2024-01-10,45396
1472,2024-01-11,45368
1473,2024-01-12,45320
1474,2024-01-13,45310
1475,2024-01-14,45264
1476,2024-01-15,45303
1477,2024-01-16,45360
1478,2024-01-17,45343
1479,2024-01-18,45334
1480,2024-01-19,45429
1481,2024-01-20,45866
1482,2024-01-21,45924
1483,2024-01-22,45981
1484,2024-01-23,45981
1485,2024-01-24,45944
1486,2024-01-25,46018
1487,2024-01-26,46060
1488,2024-01-27,46096
1489,2024-01-28,46095
1490,2024-01-29,46170
1491,2024-01-30,46129
1492,2024-01-31,46194
1493,2024-02-01,46235
1494,2024-02-02,46238
1495,2024-02-03,46215
1496,2024-02-04,46682
1497,2024-02-05,46782
1498,2024-02-06,46767
1499,2024-02-07,46840
1500,2024-02-08,46870
1501,2024-02-09,46843
1502,2024-02-10,46816
1503,2024-02-11,46754
1504,2024-02-12,46846
1505,2024-02-13,46824
1506,2024-02-14,47133
1507,2024-02-15,47134
1508,2024-02-16,47578
1509,2024-02-17,47553
1510,2024-02-18,47581
1511,2024-02-19,47670
1512,2024-02-20,47705
1513,2024-02-21,47659
1514,2024-02-22,47665
1515,2024-02-23,47712
1516,2024-02-24,47722
1517,2024-02-25,48109
1518,2024-02-26,48102
1519,2024-02-27,48046
1520,2024-02-28,47988
1521,2024-02-29,48258
1522,2024-03-01,48218
1523,2024-03-02,48255
1524,2024-03-03,48263
1525,2024-03-04,48293
1526,2024-03-05,48363
1527,2024-03-06,48295
1528,2024-03-07,48720
1529,2024-03-08,49121
1530,2024-03-09,49094
1531,2024-03-10,49041
1532,2024-03-11,49502
1533,2024-03-12,49589
1534,2024-03-13,49597
1535,2024-03-14,49599
1536,2024-03-15,49520
1537,2024-03-16,49523
1538,2024-03-17,49469
1539,2024-03-18,49467
1540,2024-03-19,49553
1541,2024-03-20,49607
1542,2024-03-21,49592
1543,2024-03-22,49662
1544,2024-03-23,50119
1545,2024-03-24,50054
1546,2024-03-25,50044
1547,2024-03-26,49988
1548,2024-03-27,50022
1549,2024-03-28,50513
1550,2024-03-29,50490
1551,2024-03-30,50438
1552,2024-03-31,50535
1553,2024-04-01,50563
1554,2024-04-02,50653
1555,2024-04-03,50579
1556,2024-04-04,50781
1557,2024-04-05,51026
1558,2024-04-06,51032
1559,2024-04-07,51036
1560,2024-04-08,51117
1561,2024-04-09,51208
1562,2024-04-10,51233
1563,2024-04-11,51188
1564,2024-04-12,51259
1565,2024-04-13,51233
1566,2024-04-14,51233
1567,2024-04-15,51321
1568,2024-04-16,51514
1569,2024-04-17,51514
1570,2024-04-18,51957
1571,2024-04-19,51961
1572,2024-04-20,52038
1573,2024-04-21,51995
1574,2024-04-22,52067
1575,2024-04-23,52047
1576,2024-04-24,51970
1577,2024-04-25,51890
1578,2024-04-26,51829
1579,2024-04-27,51882
1580,2024-04-28,52364
1581,2024-04-29,52857
1582,2024-04-30,52801
1583,2024-05-01,52769
1584,2024-05-02,52804
1585,2024-05-03,52733
1586,2024-05-04,52821
1587,2024-05-05,52901
1588,2024-05-06,52859
1589,2024-05-07,52853
1590,2024-05-08,52907
1591,2024-05-09,52970
1592,2024-05-10,52893
1593,2024-05-11,52842
1594,2024-05-12,52868
1595,2024-05-13,52826
1596,2024-05-14,52866
1597,2024-05-15,52906
1598,2024-05-16,53196
1599,2024-05-17,53274
1600,2024-05-18,53365
1601,2024-05-19,53390
1602,2024-05-20,53410
1603,2024-05-21,53395
1604,2024-05-22,53475
1605,2024-05-23,53749
1606,2024-05-24,53676
1607,2024-05-25,53718
1608,2024-05-26,53787
1609,2024-05-27,53940
1610,2024-05-28,53868
1611,2024-05-29,54044
1612,2024-05-30,54028
1613,2024-05-31,53975
1614,2024-06-01,53997
1615,2024-06-02,53919
1616,2024-06-03,53882
1617,2024-06-04,53955
1618,2024-06-05,53994
1619,2024-06-06,53998
1620,2024-06-07,54030
1621,2024-06-08,54478
1622,2024-06-09,54514
1623,2024-06-10,54505
1624,2024-06-11,54580
1625,2024-06-12,54527
1626,2024-06-13,54536
1627,2024-06-14,54629
1628,2024-06-15,54949
1629,2024-06-16,54917
1630,2024-06-17,54913
1631,2024-06-18,54989
1632,2024-06-19,54980
1633,2024-06-20,54940
1634,2024-06-21,54865
1635,2024-06-22,54801
1636,2024-06-23,54731
1637,2024-06-24,54731
1638,2024-06-25,54657
1639,2024-06-26,54655
1640,2024-06-27,54617
1641,2024-06-28,54577
1642,2024-06-29,54598
1643,2024-06-30,54545
1644,2024-07-01,54552
1645,2024-07-02,54586
1646,2024-07-03,54550
1647,2024-07-04,54527
1648,2024-07-05,54625
1649,2024-07-06,54714
1650,2024-07-07,54811
1651,2024-07-08,54850
1652,2024-07-09,54813
1653,2024-07-10,54805
1654,2024-07-11,54960
1655,2024-07-12,55060
1656,2024-07-13,55022
1657,2024-07-14,54973
1658,2024-07-15,54976
1659,2024-07-16,54958
1660,2024-07-17,54924
1661,2024-07-18,54849
1662,2024-07-19,54818
1663,2024-07-20,54897
1664,2024-07-21,55113
1665,2024-07-22,55059
1666,2024-07-23,55058
1667,2024-07-24,55020
1668,2024-07-25,55113
1669,2024-07-26,55208
1670,2024-07-27,55295
1671,2024-07-28,55237
1672,2024-07-29,55246
1673,2024-07-30,55280
1674,2024-07-31,55367
1675,2024-08-01,55335
1676,2024-08-02,55265
1677,2024-08-03,55224
1678,2024-08-04,55275
1679,2024-08-05,55223
1680,2024-08-06,55230
1681,2024-08-07,55258
1682,2024-08-08,55265
1683,2024-08-09,55363
1684,2024-08-10,55301
1685,2024-08-11,55344
1686,2024-08-12,55342
1687,2024-08-13,55368
1688,2024-08-14,55420
1689,2024-08-15,55368
1690,2024-08-16,55407
1691,2024-08-17,55593
1692,2024-08-18,55519
1693,2024-08-19,55504
1694,2024-08-20,55603
1695,2024-08-21,55533
1696,2024-08-22,55536
1697,2024-08-23,55502
1698,2024-08-24,55589
1699,2024-08-25,55897
1700,2024-08-26,55949
1701,2024-08-27,55896
1702,2024-08-28,55959
1703,2024-08-29,55905
1704,2024-08-30,55848
1705,2024-08-31,55844
1706,2024-09-01,55847
1707,2024-09-02,55879
1708,2024-09-03,55936
1709,2024-09-04,55941
1710,2024-09-05,55941
1711,2024-09-06,55961
1712,2024-09-07,55933
1713,2024-09-08,55863
1714,2024-09-09,55802
1715,2024-09-10,55872
1716,2024-09-11,55924
1717,2024-09-12,55947
1718,2024-09-13,55941
1719,2024-09-14,56035
1720,2024-09-15,56035
1721,2024-09-16,56009
1722,2024-09-17,56019
1723,2024-09-18,56094
1724,2024-09-19,56066
1725,2024-09-20,56075
1726,2024-09-21,56110
1727,2024-09-22,56032
1728,2024-09-23,56110
1729,2024-09-24,56187
1730,2024-09-25,56256
1731,2024-09-26,56661
1732,2024-09-27,56718
1733,2024-09-28,56751
1734,2024-09-29,56834
1735,2024-09-30,56775
1736,2024-10-01,56815
1737,2024-10-02,56814
1738,2024-10-03,56812
1739,2024-10-04,57297
1740,2024-10-05,57255
1741,2024-10-06,57312
1742,2024-10-07,57545
1743,2024-10-08,57633
1744,2024-10-09,57660
1745,2024-10-10,57589
1746,2024-10-11,57656
1747,2024-10-12,57612
1748,2024-10-13,57879
1749,2024-10-14,57879
1750,2024-10-15,57975
1751,2024-10-16,58071
1752,2024-10-17,58039
1753,2024-10-18,58123
1754,2024-10-19,58285
1755,2024-10-20,58330
1756,2024-10-21,58339
1757,2024-10-22,58267
1758,2024-10-23,58248
1759,2024-10-24,58250
1760,2024-10-25,58322
1761,2024-10-26,58247
1762,2024-10-27,58338
1763,2024-10-28,58306
1764,2024-10-29,58556
1765,2024-10-30,58554
1766,2024-10-31,58497
1767,2024-11-01,58519
1768,2024-11-02,58601
1769,2024-11-03,58545
1770,2024-11-04,58765
1771,2024-11-05,58826
1772,2024-11-06,58861
1773,2024-11-07,58832
1774,2024-11-08,58908
1775,2024-11-09,59007
1776,2024-11-10,58977
1777,2024-11-11,58973
1778,2024-11-12,58949
1779,2024-11-13,59018
1780,2024-11-14,58969
1781,2024-11-15,59065
1782,2024-11-16,59028
1783,2024-11-17,59034
1784,2024-11-18,58978
1785,2024-11-19,58920
1786,2024-11-20,58953
1787,2024-11-21,58963
1788,2024-11-22,58926
1789,2024-11-23,58908
1790,2024-11-24,58877
1791,2024-11-25,58947
1792,2024-11-26,58968
1793,2024-11-27,58989
1794,2024-11-28,59059
1795,2024-11-29,59146
1796,2024-11-30,59145
1797,2024-12-01,59467
1798,2024-12-02,59519
1799,2024-12-03,59579
1800,2024-12-04,59499
1801,2024-12-05,59546
1802,2024-12-06,59585
1803,2024-12-07,59595
1804,2024-12-08,59600
1805,2024-12-09,59647
1806,2024-12-10,59588
1807,2024-12-11,59562
1808,2024-12-12,59601
1809,2024-12-13,59651
1810,2024-12-14,59603
1811,2024-12-15,59684
1812,2024-12-16,59620
1813,2024-12-17,59568
1814,2024-12-18,59573
1815,2024-12-19,59566
1816,2024-12-20,59514
1817,2024-12-21,59461
1818,2024-12-22,59388
1819,2024-12-23,59314
1820,2024-12-24,59284
1821,2024-12-25,59290
1822,2024-12-26,59212
1823,2024-12-27,59370
1824,2024-12-28,59313
1825,2024-12-29,59351
1826,2024-12-30,59639
1827,2024-12-31,59569
1828,2025-01-01,59566
1829,2025-01-02,59502
1830,2025-01-03,59493
1831,2025-01-04,59491
1832,2025-01-05,59513
1833,2025-01-06,59462
1834,2025-01-07,59392
1835,2025-01-08,59670
1836,2025-01-09,59614
1837,2025-01-10,59645
1838,2025-01-11,59740
1839,2025-01-12,59701
1840,2025-01-13,59655
1841,2025-01-14,59655
1842,2025-01-15,59730
1843,2025-01-16,59704
1844,2025-01-17,59701
1845,2025-01-18,59787
1846,2025-01-19,59869
1847,2025-01-20,59836
1848,2025-01-21,59919
1849,2025-01-22,59971
1850,2025-01-23,59980
1851,2025-01-24,59932
1852,2025-01-25,59966
1853,2025-01-26,60058
1854,2025-01-27,60052
1855,2025-01-28,60440
1856,2025-01-29,60503
1857,2025-01-30,60597
1858,2025-01-31,60674
1859,2025-02-01,60732
1860,2025-02-02,60687
1861,2025-02-03,60642
1862,2025-02-04,60642
1863,2025-02-05,60705
1864,2025-02-06,60662
1865,2025-02-07,60864
1866,2025-02-08,60918
1867,2025-02-09,60940
1868,2025-02-10,60936
1869,2025-02-11,60894
1870,2025-02-12,60826
1871,2025-02-13,60850
1872,2025-02-14,60804
1873,2025-02-15,60893
1874,2025-02-16,60888
1875,2025-02-17,61066
1876,2025-02-18,61118
1877,2025-02-19,61572
1878,2025-02-20,61636
1879,2025-02-21,61665
1880,2025-02-22,61605
1881,2025-02-23,61633
1882,2025-02-24,61607
1883,2025-02-25,61601
1884,2025-02-26,61522
1885,2025-02-27,61576
1886,2025-02-28,61497
1887,2025-03-01,61820
1888,2025-03-02,61918
1889,2025-03-03,61976
1890,2025-03-04,62052
1891,2025-03-05,61978
1892,2025-03-06,61975
1893,2025-03-07,62037
1894,2025-03-08,61992
1895,2025-03-09,62002
1896,2025-03-10,61982
1897,2025-03-11,62082
1898,2025-03-12,62077
1899,2025-03-13,62071
1900,2025-03-14,62163
1901,2025-03-15,62427
1902,2025-03-16,62434
1903,2025-03-17,62403
1904,2025-03-18,62484
1905,2025-03-19,62506
1906,2025-03-20,62534
1907,2025-03-21,62516
1908,2025-03-22,62549
1909,2025-03-23,62541
1910,2025-03-24,62847
1911,2025-03-25,62829
1912,2025-03-26,62792
1913,2025-03-27,62785
1914,2025-03-28,62749
1915,2025-03-29,62706
1916,2025-03-30,62669
1917,2025-03-31,62667
1918,2025-04-01,62755
1919,2025-04-02,62780
1920,2025-04-03,62712
1921,2025-04-04,62697
1922,2025-04-05,62784
1923,2025-04-06,62863
1924,2025-04-07,62800
1925,2025-04-08,62804
1926,2025-04-09,62797
1927,2025-04-10,62771
1928,2025-04-11,62780
1929,2025-04-12,62741
1930,2025-04-13,62722
1931,2025-04-14,62802
1932,2025-04-15,62786
1933,2025-04-16,62746
1934,2025-04-17,62727
1935,2025-04-18,62736
1936,2025-04-19,62729
1937,2025-04-20,62662
1938,2025-04-21,62663
1939,2025-04-22,62669
1940,2025-04-23,62706
1941,2025-04-24,62631
1942,2025-04-25,62582
1943,2025-04-26,62592
1944,2025-04-27,62550
1945,2025-04-28,62598
1946,2025-04-29,62603
1947,2025-04-30,62634
1948,2025-05-01,62641
1949,2025-05-02,62642
1950,2025-05-03,62644
1951,2025-05-04,62835
1952,2025-05-05,62775
1953,2025-05-06,62860
1954,2025-05-07,62833
1955,2025-05-08,62770
1956,2025-05-09,62764
1957,2025-05-10,62696
1958,2025-05-11,62621
1959,2025-05-12,62547
1960,2025-05-13,62538
1961,2025-05-14,62626
1962,2025-05-15,62717
1963,2025-05-16,62718
1964,2025-05-17,62760
1965,2025-05-18,62809
1966,2025-05-19,62805
1967,2025-05-20,62729
1968,2025-05-21,62731
1969,2025-05-22,62816
1970,2025-05-23,62781
1971,2025-05-24,62725
1972,2025-05-25,63080
1973,2025-05-26,63065
1974,2025-05-27,63070
1975,2025-05-28,63112
1976,2025-05-29,63120
1977,2025-05-30,63219
1978,2025-05-31,63309
1979,2025-06-01,63303
1980,2025-06-02,63388
1981,2025-06-03,63480
1982,2025-06-04,63436
1983,2025-06-05,63444
1984,2025-06-06,63404
1985,2025-06-07,63460
1986,2025-06-08,63470
1987,2025-06-09,63561
1988,2025-06-10,63561
1989,2025-06-11,63551
1990,2025-06-12,63515
1991,2025-06-13,63567
1992,2025-06-14,63562
1993,2025-06-15,63584
1994,2025-06-16,63582
1995,2025-06-17,63647
1996,2025-06-18,63574
1997,2025-06-19,63602
1998,2025-06-20,63691
1999,2025-06-21,63729
2000,2025-06-22,63710
2001,2025-06-23,63798
2002,2025-06-24,63898
2003,2025-06-25,64228
2004,2025-06-26,64307
2005,2025-06-27,64301
2006,2025-06-28,64241
2007,2025-06-29,64204
2008,2025-06-30,64154
2009,2025-07-01,64157
2010,2025-07-02,64345
2011,2025-07-03,64581
2012,2025-07-04,64616
2013,2025-07-05,64667
2014,2025-07-06,64767
2015,2025-07-07,64740
2016,2025-07-08,64709
2017,2025-07-09,64735
2018,2025-07-10,64762
2019,2025-07-11,64752
2020,2025-07-12,64797
2021,2025-07-13,64803
2022,2025-07-14,65163
2023,2025-07-15,65122
2024,2025-07-16,65155
2025,2025-07-17,65136
2026,2025-07-18,65159
2027,2025-07-19,65217
2028,2025-07-20,65226
2029,2025-07-21,65248
2030,2025-07-22,65229
2031,2025-07-23,65315
2032,2025-07-24,65253
2033,2025-07-25,65325
2034,2025-07-26,65363
2035,2025-07-27,65762
2036,2025-07-28,65795
2037,2025-07-29,65780
2038,2025-07-30,65773
2039,2025-07-31,65778
2040,2025-08-01,65701
2041,2025-08-02,65762
2042,2025-08-03,65753
2043,2025-08-04,65761
2044,2025-08-05,65684
2045,2025-08-06,65759
2046,2025-08-07,65734
2047,2025-08-08,65777
2048,2025-08-09,66145
2049,2025-08-10,66093
2050,2025-08-11,66177
2051,2025-08-12,66176
2052,2025-08-13,66615
2053,2025-08-14,66670
2054,2025-08-15,66759
2055,2025-08-16,66704
2056,2025-08-17,66701
2057,2025-08-18,66642
2058,2025-08-19,66580
2059,2025-08-20,66616
2060,2025-08-21,66589
2061,2025-08-22,66585
2062,2025-08-23,66660
2063,2025-08-24,66968
2064,2025-08-25,66966
2065,2025-08-26,66976
2066,2025-08-27,67279
2067,2025-08-28,67316
2068,2025-08-29,67352
2069,2025-08-30,67597
2070,2025-08-31,67524
2071,2025-09-01,67587
2072,2025-09-02,67554
2073,2025-09-03,67647
2074,2025-09-04,67568
2075,2025-09-05,67547
2076,2025-09-06,67556
2077,2025-09-07,67556
2078,2025-09-08,67736
2079,2025-09-09,67658
2080,2025-09-10,67923
2081,2025-09-11,67929
2082,2025-09-12,67912
2083,2025-09-13,67864
2084,2025-09-14,67869
2085,2025-09-15,67891
2086,2025-09-16,67893
2087,2025-09-17,67827
2088,2025-09-18,67768
2089,2025-09-19,67987
2090,2025-09-20,67982
2091,2025-09-21,67925
2092,2025-09-22,67993
2093,2025-09-23,68393
2094,2025-09-24,68392
2095,2025-09-25,68487
2096,2025-09-26,68409
2097,2025-09-27,68408
2098,2025-09-28,68440
2099,2025-09-29,68450
2100,2025-09-30,68394
2101,2025-10-01,68400
2102,2025-10-02,68350
2103,2025-10-03,68334
2104,2025-10-04,68296
2105,2025-10-05,68226
2106,2025-10-06,68228
2107,2025-10-07,68558
2108,2025-10-08,68558
2109,2025-10-09,68597
2110,2025-10-10,69007
2111,2025-10-11,68938
2112,2025-10-12,68944
2113,2025-10-13,68904
2114,2025-10-14,68862
2115,2025-10-15,68787
2116,2025-10-16,68758
2117,2025-10-17,68819
2118,2025-10-18,68812
2119,2025-10-19,68737
2120,2025-10-20,68695
